Accra,Sun 9:20 pm,77 °F
Edmonton,Sun 3:20 pm,77 °F
New Delhi,Mon 2:50 am,83 °F
Addis Ababa,Mon 12:20 am,62 °F
Frankfurt,Sun 11:20 pm,57 °F
New Orleans,Sun 4:20 pm,94 °F
Adelaide,Mon 6:50 am,59 °F
Guatemala City,Sun 3:20 pm,82 °F
New York,Sun 5:20 pm,78 °F
Algiers,Sun 10:20 pm,84 °F
Halifax,Sun 6:20 pm,72 °F
Oslo,Sun 11:20 pm,54 °F
Almaty,Mon 2:20 am,64 °F
Hanoi,Mon 4:20 am,79 °F
Ottawa,Sun 5:20 pm,75 °F
Amman,Mon 12:20 am,77 °F
Harare,Sun 11:20 pm,68 °F
Paris,Sun 11:20 pm,66 °F
Amsterdam,Sun 11:20 pm,57 °F
Havana,Sun 5:20 pm,91 °F
Perth,Mon 5:20 am,46 °F
Anadyr,Mon 9:20 am,45 °F
Helsinki,Mon 12:20 am,57 °F
Philadelphia,Sun 5:20 pm,83 °F
Anchorage,Sun 1:20 pm,60 °F
Hong Kong,Mon 5:20 am,84 °F
Phoenix,Sun 2:20 pm,111 °F
Ankara,Mon 12:20 am,70 °F
Honolulu,Sun 11:20 am,86 °F
Prague,Sun 11:20 pm,54 °F
Antananarivo,Mon 12:20 am,55 °F
Houston,Sun 4:20 pm,98 °F
Reykjavik,Sun 9:20 pm,52 °F
Asuncion,Sun 6:20 pm,75 °F
Indianapolis,Sun 5:20 pm,79 °F
Rio de Janeiro,Sun 6:20 pm,70 °F
Athens,Mon 12:20 am,92 °F
Islamabad,Mon 2:20 am,81 °F
Riyadh,Mon 12:20 am,91 °F
Atlanta,Sun 5:20 pm,91 °F
Istanbul,Mon 12:20 am,75 °F
Rome,Sun 11:20 pm,86 °F
Auckland,Mon 9:20 am,55 °F
Jakarta,Mon 4:20 am,76 °F
Salt Lake City,Sun 3:20 pm,91 °F
Baghdad,Mon 12:20 am,110 °F
Jerusalem,Mon 12:20 am,73 °F
San Francisco,Sun 2:20 pm,76 °F
Bangkok,Mon 4:20 am,82 °F
Johannesburg,Sun 11:20 pm,62 °F
San Juan,Sun 5:20 pm,87 °F
Barcelona,Sun 11:20 pm,82 °F
Karachi,Mon 2:20 am,82 °F
San Salvador,Sun 3:20 pm,90 °F
Beijing,Mon 5:20 am,73 °F
Kathmandu,Mon 3:05 am,72 °F
Santiago,Sun 5:20 pm,61 °F
Belgrade,Sun 11:20 pm,70 °F
Kingston,Sun 4:20 pm,87 °F
Santo Domingo,Sun 5:20 pm,89 °F
Bengaluru,Mon 2:50 am,70 °F
Kinshasa,Sun 10:20 pm,77 °F
São Paulo,Sun 6:20 pm,61 °F
Berlin,Sun 11:20 pm,55 °F
Kiritimati,Mon 11:20 am,78 °F
Seattle,Sun 2:20 pm,72 °F
Bogota,Sun 4:20 pm,64 °F
Kolkata,Mon 2:50 am,82 °F
Seoul,Mon 6:20 am,75 °F
Boston,Sun 5:20 pm,69 °F
Kuala Lumpur,Mon 5:20 am,79 °F
Shanghai,Mon 5:20 am,82 °F
Brasilia,Sun 6:20 pm,86 °F
Kuwait City,Mon 12:20 am,109 °F
Singapore,Mon 5:20 am,82 °F
Brisbane,Mon 7:20 am,59 °F
Kyiv,Mon 12:20 am,69 °F
Sofia,Mon 12:20 am,79 °F
Brussels,Sun 11:20 pm,57 °F
La Paz,Sun 5:20 pm,49 °F
St. John's,Sun 6:50 pm,64 °F
Bucharest,Mon 12:20 am,75 °F
Lahore,Mon 2:20 am,88 °F
Stockholm,Sun 11:20 pm,59 °F
Budapest,Sun 11:20 pm,68 °F
Las Vegas,Sun 2:20 pm,102 °F
Suva,Mon 9:20 am,70 °F
Buenos Aires,Sun 6:20 pm,50 °F
Lima,Sun 4:20 pm,77 °F
Sydney,Mon 7:20 am,57 °F
Cairo,Mon 12:20 am,82 °F
Lisbon,Sun 10:20 pm,70 °F
Taipei,Mon 5:20 am,81 °F
Calgary,Sun 3:20 pm,79 °F
London,Sun 10:20 pm,64 °F
Tallinn,Mon 12:20 am,61 °F
Canberra,Mon 7:20 am,34 °F
Los Angeles,Sun 2:20 pm,88 °F
Tashkent,Mon 2:20 am,76 °F
Cape Town,Sun 11:20 pm,57 °F
Madrid,Sun 11:20 pm,77 °F
Tegucigalpa,Sun 3:20 pm,88 °F
Caracas,Sun 5:20 pm,91 °F
Managua,Sun 3:20 pm,93 °F
Tehran,Mon 12:50 am,84 °F
Casablanca,Sun 10:20 pm,72 °F
Manila,Mon 5:20 am,82 °F
Tokyo,Mon 6:20 am,78 °F
Chicago,Sun 4:20 pm,75 °F
Melbourne,Mon 7:20 am,50 °F
Toronto,Sun 5:20 pm,68 °F
Copenhagen,Sun 11:20 pm,61 °F
Mexico City,Sun 3:20 pm,70 °F
Vancouver,Sun 2:20 pm,64 °F
Dallas,Sun 4:20 pm,107 °F
Miami,Sun 5:20 pm,80 °F
Vienna,Sun 11:20 pm,68 °F
Dar es Salaam,Mon 12:20 am,75 °F
Minneapolis,Sun 4:20 pm,76 °F
Warsaw,Sun 11:20 pm,55 °F
Darwin,Mon 6:50 am,70 °F
Minsk,Mon 12:20 am,57 °F
Washington DC,Sun 5:20 pm,85 °F
Denver,Sun 3:20 pm,90 °F
Montevideo,Sun 6:20 pm,45 °F
Winnipeg,Sun 4:20 pm,77 °F
Detroit,Sun 5:20 pm,74 °F
Montréal,Sun 5:20 pm,61 °F
Yangon,Mon 3:50 am,79 °F
Dhaka,Mon 3:20 am,84 °F
Moscow,Mon 12:20 am,64 °F
Zagreb,Sun 11:20 pm,64 °F
Doha,Mon 12:20 am,95 °F
Mumbai,Mon 2:50 am,84 °F
Zürich,Sun 11:20 pm,61 °F
Dubai,Mon 1:20 am,100 °F
Nairobi,Mon 12:20 am,66 °F
Dublin,Sun 10:20 pm,48 °F
Nassau,Sun 5:20 pm,90 °F
